vertices_num,total_weight,solution_size,execution_time,num_operations,dynamic_configurations,base_threshold,refine_threshold,num_edges
8,3.38,7,0.004206418991088867,1496,1300,0.125,0.25,15
250,31.56908,404,0.48777318000793457,177067,127300,0.125,0.25,2546
8,1.9200000000000002,5,0.0028209686279296875,1461,1300,0.5,0.75,15
250,30.472849999999994,387,0.4342808723449707,166308,127300,0.5,0.75,2546
8,1.9400000000000002,4,0.002839326858520508,1430,1300,0.25,0.5,15
250,32.450059999999986,418,0.5454025268554688,186881,127300,0.25,0.5,2546
