vertices_num,total_weight,solution_size,execution_time,num_operations,dynamic_configurations,base_threshold,refine_threshold,num_edges
8,1.9400000000000002,4,0.002839326858520508,1430,1300,0.25,0.5,15
250,32.450059999999986,418,0.5454025268554688,186881,127300,0.25,0.5,2546
