vertices_num,total_weight,solution_size,execution_time,num_operations,dynamic_configurations,base_threshold,refine_threshold,num_edges
8,1.6,4,0.004590749740600586,1479,1300,0.125,0.25,15
250,29.915090000000003,388,0.498734712600708,177579,127300,0.125,0.25,2546
8,3.25,7,0.002898693084716797,1471,1300,0.5,0.75,15
250,29.25811000000002,378,0.48653626441955566,173445,127300,0.5,0.75,2546
8,1.46,4,0.0028967857360839844,1423,1300,0.25,0.5,15
250,27.79922999999999,366,0.4565873146057129,169067,127300,0.25,0.5,2546
