vertices_num,total_weight,solution_size,execution_time,num_operations,dynamic_configurations,base_threshold,refine_threshold,num_edges
8,1.9200000000000002,5,0.0028209686279296875,1461,1300,0.5,0.75,15
250,30.472849999999994,387,0.4342808723449707,166308,127300,0.5,0.75,2546
