vertices_num,total_weight,solution_size,execution_time,num_operations,dynamic_combined_configurations,base_threshold,refine_threshold,num_edges
8,1.29,3,0.005269050598144531,7223,1300,0.125,0.25,15
250,25.101860000000002,319,12.84939694404602,3251364,127300,0.125,0.25,2546
8,1.0,3,0.004135608673095703,6649,1300,0.5,0.75,15
250,24.804920000000017,318,30.39709758758545,6663141,127300,0.5,0.75,2546
8,1.01,3,0.004045009613037109,6629,1300,0.25,0.5,15
250,23.82674,318,41.13626980781555,9175581,127300,0.25,0.5,2546
