vertices_num,total_weight,solution_size,execution_time,num_operations,dynamic_combined_configurations,base_threshold,refine_threshold,num_edges
8,1.06,3,0.004660129547119141,6894,1300,0.125,0.25,15
250,24.235419999999994,309,15.64553689956665,3879533,127300,0.125,0.25,2546
8,0.9199999999999999,3,0.0041315555572509766,6552,1300,0.5,0.75,15
250,23.993449999999996,312,25.203171253204346,5642801,127300,0.5,0.75,2546
8,1.15,3,0.0038347244262695312,6420,1300,0.25,0.5,15
250,23.65041999999999,309,36.59055495262146,8069164,127300,0.25,0.5,2546
