vertices_num,predicted_execution_time
10,0.004870768940230375
15,0.013843182092879056
20,0.0282124791632841
25,0.04840361986978784
30,0.07474199958420373
