vertices_num,predicted_execution_time
8,0.005196651796899617
9,0.0071648059137740545
10,0.009496017765742264
15,0.026988572995656657
20,0.05500285614811118
25,0.09436736577941648
30,0.14571649047781152
