vertices_num,predicted_execution_time
8,0.0027526848948951953
9,0.0037952231137495596
10,0.005030074303036872
15,0.014295942873109826
20,0.029135208055565565
25,0.04998672847525161
30,0.07718654201821241
