vertices_num,predicted_execution_time
8,0.005052648152220547
9,0.0069662630432247566
10,0.009232875030448756
15,0.026240696665289404
20,0.05347868018584792
25,0.0917523657482221
30,0.14167856249287958
