vertices_num,predicted_execution_time
8,0.002668855432706522
9,0.003679644496995548
10,0.004876889888658523
15,0.013860578402314333
20,0.028247932934979646
25,0.04846444723905834
30,0.07483592560091394
