vertices_num,predicted_execution_time
8,0.0055855823055961
9,0.007701038033543604
10,0.010206723651871568
15,0.029008465771704375
20,0.059119408431681016
25,0.10143005710671162
30,0.15662227962474143
